[
  {
    "id": "a13f24a62bed11f091d77e1e",
    "country": "Afghanistan",
    "country_code": "93",
    "emoji": "🇦🇫"
  },
  {
    "id": "a13f2a022bed11f091d77e1e",
    "country": "Albania",
    "country_code": "355",
    "emoji": "🇦🇱"
  },
  {
    "id": "a13f2b7c2bed11f091d77e1e",
    "country": "Algeria",
    "country_code": "213",
    "emoji": "🇩🇿"
  },
  {
    "id": "a13f2bee2bed11f091d77e1e",
    "country": "American Samoa",
    "country_code": "1-684",
    "emoji": "🇦🇸"
  },
  {
    "id": "a13f2c5f2bed11f091d77e1e",
    "country": "Andorra, Principality of",
    "country_code": "376",
    "emoji": "🇦🇩"
  },
  {
    "id": "a13f2ccd2bed11f091d77e1e",
    "country": "Angola",
    "country_code": "244",
    "emoji": "🇦🇴"
  },
  {
    "id": "a13f2d362bed11f091d77e1e",
    "country": "Anguilla",
    "country_code": "1-264",
    "emoji": "🇦🇮"
  },
  {
    "id": "a13f2da52bed11f091d77e1e",
    "country": "Antarctica",
    "country_code": "672",
    "emoji": "🇦🇶"
  },
  {
    "id": "a13f2e122bed11f091d77e1e",
    "country": "Antigua and Barbuda",
    "country_code": "1-268",
    "emoji": "🇦🇬"
  },
  {
    "id": "a13f2e732bed11f091d77e1e",
    "country": "Argentina",
    "country_code": "54",
    "emoji": "🇦🇷"
  },
  {
    "id": "a13f2ede2bed11f091d77e1e",
    "country": "Armenia",
    "country_code": "374",
    "emoji": "🇦🇲"
  },
  {
    "id": "a13f2f3e2bed11f091d77e1e",
    "country": "Aruba",
    "country_code": "297",
    "emoji": "🇦🇼"
  },
  {
    "id": "a13f2fa42bed11f091d77e1e",
    "country": "Australia",
    "country_code": "61",
    "emoji": "🇦🇺"
  },
  {
    "id": "a13f30052bed11f091d77e1e",
    "country": "Austria",
    "country_code": "43",
    "emoji": "🇦🇹"
  },
  {
    "id": "a13f30682bed11f091d77e1e",
    "country": "Azerbaijan",
    "country_code": "994",
    "emoji": "🇦🇿"
  },
  {
    "id": "a13f30c72bed11f091d77e1e",
    "country": "Bahamas",
    "country_code": "1-242",
    "emoji": "🇧🇸"
  },
  {
    "id": "a13f31272bed11f091d77e1e",
    "country": "Bahrain",
    "country_code": "973",
    "emoji": "🇧🇭"
  },
  {
    "id": "a13f318d2bed11f091d77e1e",
    "country": "Bangladesh",
    "country_code": "880",
    "emoji": "🇧🇩"
  },
  {
    "id": "a13f31f02bed11f091d77e1e",
    "country": "Barbados",
    "country_code": "1-246",
    "emoji": "🇧🇧"
  },
  {
    "id": "a13f32532bed11f091d77e1e",
    "country": "Belarus",
    "country_code": "375",
    "emoji": "🇧🇾"
  },
  {
    "id": "a13f32b62bed11f091d77e1e",
    "country": "Belgium",
    "country_code": "32",
    "emoji": "🇧🇪"
  },
  {
    "id": "a13f33102bed11f091d77e1e",
    "country": "Belize",
    "country_code": "501",
    "emoji": "🇧🇿"
  },
  {
    "id": "a13f33722bed11f091d77e1e",
    "country": "Benin",
    "country_code": "229",
    "emoji": "🇧🇯"
  },
  {
    "id": "a13f33d42bed11f091d77e1e",
    "country": "Bermuda",
    "country_code": "1-441",
    "emoji": "🇧🇲"
  },
  {
    "id": "a13f34362bed11f091d77e1e",
    "country": "Bhutan",
    "country_code": "975",
    "emoji": "🇧🇹"
  },
  {
    "id": "a13f34a12bed11f091d77e1e",
    "country": "Bolivia",
    "country_code": "591",
    "emoji": "🇧🇴"
  },
  {
    "id": "a13f350a2bed11f091d77e1e",
    "country": "Bosnia and Herzegovina",
    "country_code": "387",
    "emoji": "🇧🇦"
  },
  {
    "id": "a13f356b2bed11f091d77e1e",
    "country": "Botswana",
    "country_code": "267",
    "emoji": "🇧🇼"
  },
  {
    "id": "a13f35d52bed11f091d77e1e",
    "country": "Brazil",
    "country_code": "55",
    "emoji": "🇧🇷"
  },
  {
    "id": "a13f36362bed11f091d77e1e",
    "country": "Brunei",
    "country_code": "673",
    "emoji": "🇧🇳"
  },
  {
    "id": "a13f36902bed11f091d77e1e",
    "country": "Bulgaria",
    "country_code": "359",
    "emoji": "🇧🇬"
  },
  {
    "id": "a13f36f22bed11f091d77e1e",
    "country": "Burkina Faso",
    "country_code": "226",
    "emoji": "🇧🇫"
  },
  {
    "id": "a13f37552bed11f091d77e1e",
    "country": "Burundi",
    "country_code": "257",
    "emoji": "🇧🇮"
  },
  {
    "id": "a13f37b42bed11f091d77e1e",
    "country": "Cambodia",
    "country_code": "855",
    "emoji": "🇰🇭"
  },
  {
    "id": "a13f38152bed11f091d77e1e",
    "country": "Cameroon",
    "country_code": "237",
    "emoji": "🇨🇲"
  },
  {
    "id": "a13f38772bed11f091d77e1e",
    "country": "Canada",
    "country_code": "1",
    "emoji": "🇨🇦"
  },
  {
    "id": "a13f38d92bed11f091d77e1e",
    "country": "Cape Verde",
    "country_code": "238",
    "emoji": "🇨🇻"
  },
  {
    "id": "a13f393c2bed11f091d77e1e",
    "country": "Cayman Islands",
    "country_code": "1-345",
    "emoji": "🇰🇾"
  },
  {
    "id": "a13f399b2bed11f091d77e1e",
    "country": "Central African Republic",
    "country_code": "236",
    "emoji": "🇨🇫"
  },
  {
    "id": "a13f39fb2bed11f091d77e1e",
    "country": "Chad",
    "country_code": "235",
    "emoji": "🇹🇩"
  },
  {
    "id": "a13f3a5a2bed11f091d77e1e",
    "country": "Chile",
    "country_code": "56",
    "emoji": "🇨🇱"
  },
  {
    "id": "a13f3ab72bed11f091d77e1e",
    "country": "China",
    "country_code": "86",
    "emoji": "🇨🇳"
  },
  {
    "id": "a13f3b1b2bed11f091d77e1e",
    "country": "Christmas Island",
    "country_code": "53",
    "emoji": "🇨🇽"
  },
  {
    "id": "a13f3b7d2bed11f091d77e1e",
    "country": "Cocos Islands",
    "country_code": "61",
    "emoji": "🇨🇨"
  },
  {
    "id": "a13f3bdc2bed11f091d77e1e",
    "country": "Colombia",
    "country_code": "57",
    "emoji": "🇨🇴"
  },
  {
    "id": "a13f3c3b2bed11f091d77e1e",
    "country": "Comoros",
    "country_code": "269",
    "emoji": "🇰🇲"
  },
  {
    "id": "a13f3c932bed11f091d77e1e",
    "country": "Congo",
    "country_code": "243",
    "emoji": "🇨🇩"
  },
  {
    "id": "a13f3cf32bed11f091d77e1e",
    "country": "Congo",
    "country_code": "242",
    "emoji": "🇨🇬"
  },
  {
    "id": "a13f3d522bed11f091d77e1e",
    "country": "Cook Islands",
    "country_code": "682",
    "emoji": "🇨🇰"
  },
  {
    "id": "a13f3dbb2bed11f091d77e1e",
    "country": "Costa Rica",
    "country_code": "506",
    "emoji": "🇨🇷"
  },
  {
    "id": "a13f3e1b2bed11f091d77e1e",
    "country": "Cote D'Ivoire",
    "country_code": "225",
    "emoji": "🇨🇮"
  },
  {
    "id": "a13f3e792bed11f091d77e1e",
    "country": "Croatia",
    "country_code": "385",
    "emoji": "🇭🇷"
  },
  {
    "id": "a13f3ed92bed11f091d77e1e",
    "country": "Cuba",
    "country_code": "53",
    "emoji": "🇨🇺"
  },
  {
    "id": "a13f3f3a2bed11f091d77e1e",
    "country": "Cyprus",
    "country_code": "357",
    "emoji": "🇨🇾"
  },
  {
    "id": "a13f3f9e2bed11f091d77e1e",
    "country": "Czech Republic",
    "country_code": "420",
    "emoji": "🇨🇿"
  },
  {
    "id": "a13f3fff2bed11f091d77e1e",
    "country": "Denmark",
    "country_code": "45",
    "emoji": "🇩🇰"
  },
  {
    "id": "a13f40632bed11f091d77e1e",
    "country": "Djibouti",
    "country_code": "253",
    "emoji": "🇩🇯"
  },
  {
    "id": "a13f40c52bed11f091d77e1e",
    "country": "Dominica",
    "country_code": "1-767",
    "emoji": "🇩🇲"
  },
  {
    "id": "a13f41292bed11f091d77e1e",
    "country": "Dominican Republic",
    "country_code": "1-809",
    "emoji": "🇩🇴"
  },
  {
    "id": "a13f418b2bed11f091d77e1e",
    "country": "Dominican Republic",
    "country_code": "1-829",
    "emoji": "🇩🇴"
  },
  {
    "id": "a13f41eb2bed11f091d77e1e",
    "country": "East Timor",
    "country_code": "670",
    "emoji": "🇹🇱"
  },
  {
    "id": "a13f424a2bed11f091d77e1e",
    "country": "Ecuador",
    "country_code": "593",
    "emoji": "🇪🇨"
  },
  {
    "id": "a13f42ab2bed11f091d77e1e",
    "country": "Egypt",
    "country_code": "20",
    "emoji": "🇪🇬"
  },
  {
    "id": "a13f430a2bed11f091d77e1e",
    "country": "El Salvador",
    "country_code": "503",
    "emoji": "🇸🇻"
  },
  {
    "id": "a13f43ff2bed11f091d77e1e",
    "country": "Equatorial Guinea",
    "country_code": "240",
    "emoji": "🇬🇶"
  },
  {
    "id": "a13f445f2bed11f091d77e1e",
    "country": "Eritrea",
    "country_code": "291",
    "emoji": "🇪🇷"
  },
  {
    "id": "a13f44b62bed11f091d77e1e",
    "country": "Estonia",
    "country_code": "372",
    "emoji": "🇪🇪"
  },
  {
    "id": "a13f45112bed11f091d77e1e",
    "country": "Ethiopia",
    "country_code": "251",
    "emoji": "🇪🇹"
  },
  {
    "id": "a13f45692bed11f091d77e1e",
    "country": "Falkland Islands",
    "country_code": "500",
    "emoji": "🇫🇰"
  },
  {
    "id": "a13f45c42bed11f091d77e1e",
    "country": "Faroe Islands",
    "country_code": "298",
    "emoji": "🇫🇴"
  },
  {
    "id": "a13f46192bed11f091d77e1e",
    "country": "Fiji",
    "country_code": "679",
    "emoji": "🇫🇯"
  },
  {
    "id": "a13f46702bed11f091d77e1e",
    "country": "Finland",
    "country_code": "358",
    "emoji": "🇫🇮"
  },
  {
    "id": "a13f46c72bed11f091d77e1e",
    "country": "France",
    "country_code": "33",
    "emoji": "🇫🇷"
  },
  {
    "id": "a13f47212bed11f091d77e1e",
    "country": "French Guiana",
    "country_code": "594",
    "emoji": "🇬🇫"
  },
  {
    "id": "a13f47792bed11f091d77e1e",
    "country": "French Polynesia",
    "country_code": "689",
    "emoji": "🇵🇫"
  },
  {
    "id": "a13f47d82bed11f091d77e1e",
    "country": "Gabon",
    "country_code": "241",
    "emoji": "🇬🇦"
  },
  {
    "id": "a13f483b2bed11f091d77e1e",
    "country": "Gambia",
    "country_code": "220",
    "emoji": "🇬🇲"
  },
  {
    "id": "a13f48832bed11f091d77e1e",
    "country": "Georgia",
    "country_code": "995",
    "emoji": "🇬🇪"
  },
  {
    "id": "a13f48ca2bed11f091d77e1e",
    "country": "Germany",
    "country_code": "49",
    "emoji": "🇩🇪"
  },
  {
    "id": "a13f49522bed11f091d77e1e",
    "country": "Ghana",
    "country_code": "233",
    "emoji": "🇬🇭"
  },
  {
    "id": "a13f49ee2bed11f091d77e1e",
    "country": "Gibraltar",
    "country_code": "350",
    "emoji": "🇬🇮"
  },
  {
    "id": "a13f4a422bed11f091d77e1e",
    "country": "Greece",
    "country_code": "30",
    "emoji": "🇬🇷"
  },
  {
    "id": "a13f4a962bed11f091d77e1e",
    "country": "Greenland",
    "country_code": "299",
    "emoji": "🇬🇱"
  },
  {
    "id": "a13f4aee2bed11f091d77e1e",
    "country": "Grenada",
    "country_code": "1-473",
    "emoji": "🇬🇩"
  },
  {
    "id": "a13f4b482bed11f091d77e1e",
    "country": "Guadeloupe",
    "country_code": "590",
    "emoji": "🇬🇵"
  },
  {
    "id": "a13f4b9c2bed11f091d77e1e",
    "country": "Guam",
    "country_code": "1-671",
    "emoji": "🇬🇺"
  },
  {
    "id": "a13f4bef2bed11f091d77e1e",
    "country": "Guatemala",
    "country_code": "502",
    "emoji": "🇬🇹"
  },
  {
    "id": "a13f4c432bed11f091d77e1e",
    "country": "Guinea",
    "country_code": "224",
    "emoji": "🇬🇳"
  },
  {
    "id": "a13f4c962bed11f091d77e1e",
    "country": "Guinea-Bissau",
    "country_code": "245",
    "emoji": "🇬🇼"
  },
  {
    "id": "a13f4ce72bed11f091d77e1e",
    "country": "Guyana",
    "country_code": "592",
    "emoji": "🇬🇾"
  },
  {
    "id": "a13f4d3d2bed11f091d77e1e",
    "country": "Haiti",
    "country_code": "509",
    "emoji": "🇭🇹"
  },
  {
    "id": "a13f4d9d2bed11f091d77e1e",
    "country": "Honduras",
    "country_code": "504",
    "emoji": "🇭🇳"
  },
  {
    "id": "a13f4df92bed11f091d77e1e",
    "country": "Hong Kong",
    "country_code": "852",
    "emoji": "🇭🇰"
  },
  {
    "id": "a13f4e572bed11f091d77e1e",
    "country": "Hungary",
    "country_code": "36",
    "emoji": "🇭🇺"
  },
  {
    "id": "a13f4ec02bed11f091d77e1e",
    "country": "Iceland",
    "country_code": "354",
    "emoji": "🇮🇸"
  },
  {
    "id": "a13f4f5c2bed11f091d77e1e",
    "country": "India",
    "country_code": "91",
    "emoji": "🇮🇳"
  },
  {
    "id": "a13f4fc62bed11f091d77e1e",
    "country": "Indonesia",
    "country_code": "62",
    "emoji": "🇮🇩"
  },
  {
    "id": "a13f50312bed11f091d77e1e",
    "country": "Iran",
    "country_code": "98",
    "emoji": "🇮🇷"
  },
  {
    "id": "a13f50b02bed11f091d77e1e",
    "country": "Iraq",
    "country_code": "964",
    "emoji": "🇮🇶"
  },
  {
    "id": "a13f51162bed11f091d77e1e",
    "country": "Ireland",
    "country_code": "353",
    "emoji": "🇮🇪"
  },
  {
    "id": "a13f51772bed11f091d77e1e",
    "country": "Israel",
    "country_code": "972",
    "emoji": "🇮🇱"
  },
  {
    "id": "a13f51cc2bed11f091d77e1e",
    "country": "Italy",
    "country_code": "39",
    "emoji": "🇮🇹"
  },
  {
    "id": "a13f52242bed11f091d77e1e",
    "country": "Jamaica",
    "country_code": "1-876",
    "emoji": "🇯🇲"
  },
  {
    "id": "a13f527e2bed11f091d77e1e",
    "country": "Japan",
    "country_code": "81",
    "emoji": "🇯🇵"
  },
  {
    "id": "a13f52dd2bed11f091d77e1e",
    "country": "Jordan",
    "country_code": "962",
    "emoji": "🇯🇴"
  },
  {
    "id": "a13f53372bed11f091d77e1e",
    "country": "Kazakhstan",
    "country_code": "7",
    "emoji": "🇰🇿"
  },
  {
    "id": "a13f53932bed11f091d77e1e",
    "country": "Kenya",
    "country_code": "254",
    "emoji": "🇰🇪"
  },
  {
    "id": "a13f53f42bed11f091d77e1e",
    "country": "Kiribati",
    "country_code": "686",
    "emoji": "🇰🇮"
  },
  {
    "id": "a13f54532bed11f091d77e1e",
    "country": "North Korea",
    "country_code": "850",
    "emoji": "🇰🇵"
  },
  {
    "id": "a13f54af2bed11f091d77e1e",
    "country": "South Korea",
    "country_code": "82",
    "emoji": "🇰🇷"
  },
  {
    "id": "a13f550c2bed11f091d77e1e",
    "country": "Kuwait",
    "country_code": "965",
    "emoji": "🇰🇼"
  },
  {
    "id": "a13f55652bed11f091d77e1e",
    "country": "Kyrgyzstan",
    "country_code": "996",
    "emoji": "🇰🇬"
  },
  {
    "id": "a13f55c52bed11f091d77e1e",
    "country": "Laos",
    "country_code": "856",
    "emoji": "🇱🇦"
  },
  {
    "id": "a13f56222bed11f091d77e1e",
    "country": "Latvia",
    "country_code": "371",
    "emoji": "🇱🇻"
  },
  {
    "id": "a13f56812bed11f091d77e1e",
    "country": "Lebanon",
    "country_code": "961",
    "emoji": "🇱🇧"
  },
  {
    "id": "a13f56dd2bed11f091d77e1e",
    "country": "Lesotho",
    "country_code": "266",
    "emoji": "🇱🇸"
  },
  {
    "id": "a13f573e2bed11f091d77e1e",
    "country": "Liberia",
    "country_code": "231",
    "emoji": "🇱🇷"
  },
  {
    "id": "a13f57942bed11f091d77e1e",
    "country": "Libya",
    "country_code": "218",
    "emoji": "🇱🇾"
  },
  {
    "id": "a13f57f72bed11f091d77e1e",
    "country": "Liechtenstein",
    "country_code": "423",
    "emoji": "🇱🇮"
  },
  {
    "id": "a13f58552bed11f091d77e1e",
    "country": "Lithuania",
    "country_code": "370",
    "emoji": "🇱🇹"
  },
  {
    "id": "a13f58be2bed11f091d77e1e",
    "country": "Luxembourg",
    "country_code": "352",
    "emoji": "🇱🇺"
  },
  {
    "id": "a13f59512bed11f091d77e1e",
    "country": "Macau",
    "country_code": "853",
    "emoji": "🇲🇴"
  },
  {
    "id": "a13f59ba2bed11f091d77e1e",
    "country": "Macedonia",
    "country_code": "389",
    "emoji": "🇲🇰"
  },
  {
    "id": "a13f5a1d2bed11f091d77e1e",
    "country": "Madagascar",
    "country_code": "261",
    "emoji": "🇲🇬"
  },
  {
    "id": "a13f5a602bed11f091d77e1e",
    "country": "Malawi",
    "country_code": "265",
    "emoji": "🇲🇼"
  },
  {
    "id": "a13f5ab72bed11f091d77e1e",
    "country": "Malaysia",
    "country_code": "60",
    "emoji": "🇲🇾"
  },
  {
    "id": "a13f5b172bed11f091d77e1e",
    "country": "Maldives",
    "country_code": "960",
    "emoji": "🇲🇻"
  },
  {
    "id": "a13f5b622bed11f091d77e1e",
    "country": "Mali",
    "country_code": "223",
    "emoji": "🇲🇱"
  },
  {
    "id": "a13f5bc22bed11f091d77e1e",
    "country": "Malta",
    "country_code": "356",
    "emoji": "🇲🇹"
  },
  {
    "id": "a13f5c1b2bed11f091d77e1e",
    "country": "Marshall Islands",
    "country_code": "692",
    "emoji": "🇲🇭"
  },
  {
    "id": "a13f5c7a2bed11f091d77e1e",
    "country": "Martinique",
    "country_code": "596",
    "emoji": "🇲🇶"
  },
  {
    "id": "a13f5cda2bed11f091d77e1e",
    "country": "Mauritania",
    "country_code": "222",
    "emoji": "🇲🇷"
  },
  {
    "id": "a13fc89a2bed11f091d77e1e",
    "country": "Mauritius",
    "country_code": "230",
    "emoji": "🇲🇺"
  },
  {
    "id": "a13fcbab2bed11f091d77e1e",
    "country": "Mayotte",
    "country_code": "269",
    "emoji": "🇾🇹"
  },
  {
    "id": "a13fcc172bed11f091d77e1e",
    "country": "Mexico",
    "country_code": "52",
    "emoji": "🇲🇽"
  },
  {
    "id": "a13fcc772bed11f091d77e1e",
    "country": "Micronesia",
    "country_code": "691",
    "emoji": "🇫🇲"
  },
  {
    "id": "a13fcce42bed11f091d77e1e",
    "country": "Moldova",
    "country_code": "373",
    "emoji": "🇲🇩"
  },
  {
    "id": "a13fcd462bed11f091d77e1e",
    "country": "Monaco",
    "country_code": "377",
    "emoji": "🇲🇨"
  },
  {
    "id": "a13fcda42bed11f091d77e1e",
    "country": "Mongolia",
    "country_code": "976",
    "emoji": "🇲🇳"
  },
  {
    "id": "a13fcdfd2bed11f091d77e1e",
    "country": "Montserrat",
    "country_code": "1-664",
    "emoji": "🇲🇸"
  },
  {
    "id": "a13fce562bed11f091d77e1e",
    "country": "Morocco",
    "country_code": "212",
    "emoji": "🇲🇦"
  },
  {
    "id": "a13fceae2bed11f091d77e1e",
    "country": "Mozambique",
    "country_code": "258",
    "emoji": "🇲🇿"
  },
  {
    "id": "a13fcf0b2bed11f091d77e1e",
    "country": "Myanmar",
    "country_code": "95",
    "emoji": "🇲🇲"
  },
  {
    "id": "a13fcf632bed11f091d77e1e",
    "country": "Namibia",
    "country_code": "264",
    "emoji": "🇳🇦"
  },
  {
    "id": "a13fcfb72bed11f091d77e1e",
    "country": "Nauru",
    "country_code": "674",
    "emoji": "🇳🇷"
  },
  {
    "id": "a13fd0112bed11f091d77e1e",
    "country": "Nepal",
    "country_code": "977",
    "emoji": "🇳🇵"
  },
  {
    "id": "a13fd0742bed11f091d77e1e",
    "country": "Netherlands",
    "country_code": "31",
    "emoji": "🇳🇱"
  },
  {
    "id": "a13fd0db2bed11f091d77e1e",
    "country": "Netherlands Antilles",
    "country_code": "599",
    "emoji": "🇧🇶"
  },
  {
    "id": "a13fd1442bed11f091d77e1e",
    "country": "New Caledonia",
    "country_code": "687",
    "emoji": "🇳🇨"
  },
  {
    "id": "a13fd19b2bed11f091d77e1e",
    "country": "New Zealand",
    "country_code": "64",
    "emoji": "🇳🇿"
  },
  {
    "id": "a13fd1f02bed11f091d77e1e",
    "country": "Nicaragua",
    "country_code": "505",
    "emoji": "🇳🇮"
  },
  {
    "id": "a13fd2472bed11f091d77e1e",
    "country": "Niger",
    "country_code": "227",
    "emoji": "🇳🇪"
  },
  {
    "id": "a13fd2a42bed11f091d77e1e",
    "country": "Nigeria",
    "country_code": "234",
    "emoji": "🇳🇬"
  },
  {
    "id": "a13fd2fa2bed11f091d77e1e",
    "country": "Niue",
    "country_code": "683",
    "emoji": "🇳🇺"
  },
  {
    "id": "a13fd3522bed11f091d77e1e",
    "country": "Norfolk Island",
    "country_code": "672",
    "emoji": "🇳🇫"
  },
  {
    "id": "a13fd3ac2bed11f091d77e1e",
    "country": "Northern Mariana Islands",
    "country_code": "1-670",
    "emoji": "🇲🇵"
  },
  {
    "id": "a13fd4042bed11f091d77e1e",
    "country": "Norway",
    "country_code": "47",
    "emoji": "🇳🇴"
  },
  {
    "id": "a13fd4622bed11f091d77e1e",
    "country": "Oman",
    "country_code": "968",
    "emoji": "🇴🇲"
  },
  {
    "id": "a13fd4b62bed11f091d77e1e",
    "country": "Pakistan",
    "country_code": "92",
    "emoji": "🇵🇰"
  },
  {
    "id": "a13fd50a2bed11f091d77e1e",
    "country": "Palau",
    "country_code": "680",
    "emoji": "🇵🇼"
  },
  {
    "id": "ff84244a2bed11f091d77e1e",
    "country": "Palestinian State",
    "country_code": "970",
    "emoji": "🇵🇸"
  },
  {
    "id": "ff8429172bed11f091d77e1e",
    "country": "Panama",
    "country_code": "507",
    "emoji": "🇵🇦"
  },
  {
    "id": "ff8429c92bed11f091d77e1e",
    "country": "Papua New Guinea",
    "country_code": "675",
    "emoji": "🇵🇬"
  },
  {
    "id": "ff842a392bed11f091d77e1e",
    "country": "Paraguay",
    "country_code": "595",
    "emoji": "🇵🇾"
  },
  {
    "id": "ff842ab12bed11f091d77e1e",
    "country": "Peru",
    "country_code": "51",
    "emoji": "🇵🇪"
  },
  {
    "id": "ff842b1a2bed11f091d77e1e",
    "country": "Philippines",
    "country_code": "63",
    "emoji": "🇵🇭"
  },
  {
    "id": "ff842b7c2bed11f091d77e1e",
    "country": "Poland",
    "country_code": "48",
    "emoji": "🇵🇱"
  },
  {
    "id": "ff842be52bed11f091d77e1e",
    "country": "Portugal",
    "country_code": "351",
    "emoji": "🇵🇹"
  },
  {
    "id": "ff842c512bed11f091d77e1e",
    "country": "Puerto Rico",
    "country_code": "1-787",
    "emoji": "🇵🇷"
  },
  {
    "id": "ff842cb72bed11f091d77e1e",
    "country": "Puerto Rico",
    "country_code": "1-939",
    "emoji": "🇵🇷"
  },
  {
    "id": "ff842d222bed11f091d77e1e",
    "country": "Qatar",
    "country_code": "974",
    "emoji": "🇶🇦"
  },
  {
    "id": "ff842d822bed11f091d77e1e",
    "country": "Bourbon Island",
    "country_code": "262",
    "emoji": "🇷🇪"
  },
  {
    "id": "ff842deb2bed11f091d77e1e",
    "country": "Romania",
    "country_code": "40",
    "emoji": "🇷🇴"
  },
  {
    "id": "ff842e512bed11f091d77e1e",
    "country": "Russia",
    "country_code": "7",
    "emoji": "🇷🇺"
  },
  {
    "id": "ff842ec12bed11f091d77e1e",
    "country": "Rwanda",
    "country_code": "250",
    "emoji": "🇷🇼"
  },
  {
    "id": "ff842f212bed11f091d77e1e",
    "country": "Saint Helena",
    "country_code": "290",
    "emoji": "🇸🇭"
  },
  {
    "id": "ff842f832bed11f091d77e1e",
    "country": "Saint Kitts and Nevis",
    "country_code": "1-869",
    "emoji": "🇰🇳"
  },
  {
    "id": "ff842ff02bed11f091d77e1e",
    "country": "Saint Lucia",
    "country_code": "1-758",
    "emoji": "🇱🇨"
  },
  {
    "id": "ff8430582bed11f091d77e1e",
    "country": "Saint Pierre and Miquelon",
    "country_code": "508",
    "emoji": "🇵🇲"
  },
  {
    "id": "ff8431ab2bed11f091d77e1e",
    "country": "Saint Vincent and the Grenadines",
    "country_code": "1-784",
    "emoji": "🇻🇨"
  },
  {
    "id": "ff8432102bed11f091d77e1e",
    "country": "Samoa",
    "country_code": "685",
    "emoji": "🇼🇸"
  },
  {
    "id": "ff84326a2bed11f091d77e1e",
    "country": "San Marino",
    "country_code": "378",
    "emoji": "🇸🇲"
  },
  {
    "id": "ff8432cb2bed11f091d77e1e",
    "country": "Sao Tome and Principe",
    "country_code": "239",
    "emoji": "🇸🇹"
  },
  {
    "id": "ff8433372bed11f091d77e1e",
    "country": "Saudi Arabia",
    "country_code": "966",
    "emoji": "🇸🇦"
  },
  {
    "id": "ff8433962bed11f091d77e1e",
    "country": "Senegal",
    "country_code": "221",
    "emoji": "🇸🇳"
  },
  {
    "id": "ff8433f32bed11f091d77e1e",
    "country": "Seychelles",
    "country_code": "248",
    "emoji": "🇸🇨"
  },
  {
    "id": "ff8434612bed11f091d77e1e",
    "country": "Sierra Leone",
    "country_code": "232",
    "emoji": "🇸🇱"
  },
  {
    "id": "ff8434c62bed11f091d77e1e",
    "country": "Singapore",
    "country_code": "65",
    "emoji": "🇸🇬"
  },
  {
    "id": "ff8435232bed11f091d77e1e",
    "country": "Slovakia",
    "country_code": "421",
    "emoji": "🇸🇰"
  },
  {
    "id": "ff8435e22bed11f091d77e1e",
    "country": "Slovenia",
    "country_code": "386",
    "emoji": "🇸🇮"
  },
  {
    "id": "ff8438a92bed11f091d77e1e",
    "country": "Solomon Islands",
    "country_code": "677",
    "emoji": "🇸🇧"
  },
  {
    "id": "ff8438ec2bed11f091d77e1e",
    "country": "Somalia",
    "country_code": "252",
    "emoji": "🇸🇴"
  },
  {
    "id": "ff8439292bed11f091d77e1e",
    "country": "South Africa",
    "country_code": "27",
    "emoji": "🇿🇦"
  },
  {
    "id": "ff8439672bed11f091d77e1e",
    "country": "Spain",
    "country_code": "34",
    "emoji": "🇪🇸"
  },
  {
    "id": "ff8439a52bed11f091d77e1e",
    "country": "Sri Lanka",
    "country_code": "94",
    "emoji": "🇱🇰"
  },
  {
    "id": "ff8439e12bed11f091d77e1e",
    "country": "Sudan",
    "country_code": "249",
    "emoji": "🇸🇩"
  },
  {
    "id": "ff843a1e2bed11f091d77e1e",
    "country": "Suriname",
    "country_code": "597",
    "emoji": "🇸🇷"
  },
  {
    "id": "ff843a5d2bed11f091d77e1e",
    "country": "Swaziland",
    "country_code": "268",
    "emoji": "🇸🇿"
  },
  {
    "id": "ff843a9a2bed11f091d77e1e",
    "country": "Sweden",
    "country_code": "46",
    "emoji": "🇸🇪"
  },
  {
    "id": "ff843ad72bed11f091d77e1e",
    "country": "Switzerland",
    "country_code": "41",
    "emoji": "🇨🇭"
  },
  {
    "id": "ff843b152bed11f091d77e1e",
    "country": "Syria",
    "country_code": "963",
    "emoji": "🇸🇾"
  },
  {
    "id": "ff843b572bed11f091d77e1e",
    "country": "Taiwan",
    "country_code": "886",
    "emoji": "🇹🇼"
  },
  {
    "id": "ff843b992bed11f091d77e1e",
    "country": "Tajikistan",
    "country_code": "992",
    "emoji": "🇹🇯"
  },
  {
    "id": "ff843c122bed11f091d77e1e",
    "country": "Tanzania",
    "country_code": "255",
    "emoji": "🇹🇿"
  },
  {
    "id": "ff843cae2bed11f091d77e1e",
    "country": "Thailand",
    "country_code": "66",
    "emoji": "🇹🇭"
  },
  {
    "id": "ff843d112bed11f091d77e1e",
    "country": "Tokelau",
    "country_code": "690",
    "emoji": "🇹🇰"
  },
  {
    "id": "ff843d632bed11f091d77e1e",
    "country": "Tonga",
    "country_code": "676",
    "emoji": "🇹🇴"
  },
  {
    "id": "ff843dbb2bed11f091d77e1e",
    "country": "Trinidad and Tobago",
    "country_code": "-867",
    "emoji": "🇹🇹"
  },
  {
    "id": "ff843e262bed11f091d77e1e",
    "country": "Tunisia",
    "country_code": "216",
    "emoji": "🇹🇳"
  },
  {
    "id": "ff843e8d2bed11f091d77e1e",
    "country": "Turkey",
    "country_code": "90",
    "emoji": "🇹🇷"
  },
  {
    "id": "ff843eee2bed11f091d77e1e",
    "country": "Turkmenistan",
    "country_code": "993",
    "emoji": "🇹🇲"
  },
  {
    "id": "ff843f512bed11f091d77e1e",
    "country": "Turks and Caicos Islands",
    "country_code": "1-649",
    "emoji": "🇹🇨"
  },
  {
    "id": "ff843f972bed11f091d77e1e",
    "country": "Tuvalu",
    "country_code": "688",
    "emoji": "🇹🇻"
  },
  {
    "id": "ff843fd52bed11f091d77e1e",
    "country": "Uganda",
    "country_code": "256",
    "emoji": "🇺🇬"
  },
  {
    "id": "ff8440112bed11f091d77e1e",
    "country": "Ukraine",
    "country_code": "380",
    "emoji": "🇺🇦"
  },
  {
    "id": "ff84404f2bed11f091d77e1e",
    "country": "United Arab Emirates",
    "country_code": "971",
    "emoji": "🇦🇪"
  },
  {
    "id": "ff84412b2bed11f091d77e1e",
    "country": "United Kingdom",
    "country_code": "44",
    "emoji": "🇬🇧"
  },
  {
    "id": "ff8441702bed11f091d77e1e",
    "country": "United States of America",
    "country_code": "1",
    "emoji": "🇺🇸"
  },
  {
    "id": "ff8441af2bed11f091d77e1e",
    "country": "Uruguay",
    "country_code": "598",
    "emoji": "🇺🇾"
  },
  {
    "id": "ff8441ed2bed11f091d77e1e",
    "country": "Uzbekistan",
    "country_code": "998",
    "emoji": "🇺🇿"
  },
  {
    "id": "ff8442292bed11f091d77e1e",
    "country": "Vanuatu",
    "country_code": "678",
    "emoji": "🇻🇺"
  },
  {
    "id": "ff84426a2bed11f091d77e1e",
    "country": "Vatican City State",
    "country_code": "418",
    "emoji": "🇻🇦"
  },
  {
    "id": "ff8442aa2bed11f091d77e1e",
    "country": "Venezuela",
    "country_code": "58",
    "emoji": "🇻🇪"
  },
  {
    "id": "ff8442e62bed11f091d77e1e",
    "country": "Vietnam",
    "country_code": "84",
    "emoji": "🇻🇳"
  },
  {
    "id": "ff8443282bed11f091d77e1e",
    "country": "Virgin Islands, British",
    "country_code": "1-284",
    "emoji": "🇻🇬"
  },
  {
    "id": "ff8443692bed11f091d77e1e",
    "country": "Virgin Islands, United States",
    "country_code": "1-340",
    "emoji": "🇻🇮"
  },
  {
    "id": "ff8443ac2bed11f091d77e1e",
    "country": "Wallis and Futuna Islands",
    "country_code": "681",
    "emoji": "🇼🇫"
  },
  {
    "id": "ff8443eb2bed11f091d77e1e",
    "country": "Yemen",
    "country_code": "967",
    "emoji": "🇾🇪"
  },
  {
    "id": "ff8444272bed11f091d77e1e",
    "country": "Zambia",
    "country_code": "260",
    "emoji": "🇿🇲"
  },
  {
    "id": "ff8444662bed11f091d77e1e",
    "country": "Zimbabwe",
    "country_code": "263",
    "emoji": "🇿🇼"
  }
]
